"image_id","b4_saliency_file","b4_sha256","b6_saliency_file","b6_sha256"
"ISIC_0000000","oncoderm_mambax_b4_lpah_mask_aux_seed42_20260707_002051_ISIC_0000000.png","C877426EC13A9FC680ACC0FFB6A4136A36A0C4DAD6D315C45DC7A47E0EEF40FA","oncoderm_mambax_b6_full_seed42_20260707_004712_ISIC_0000000.png","3D71015CA4893C90F76EAD8C90BD24ECC57EDD82F7A3667DCF6CEF368AB954C1"
"ISIC_0000001","oncoderm_mambax_b4_lpah_mask_aux_seed42_20260707_002051_ISIC_0000001.png","AEBF4BA4AED974EFAE6DCBCD74629C4758BA1AC6CF885182239D72A5040FCBDD","oncoderm_mambax_b6_full_seed42_20260707_004712_ISIC_0000001.png","C20D0D7F9EA5C37A98AB9DABDEAA12ED399695C1D125FD9614478E7E8FCA4FF9"
"ISIC_0000003","oncoderm_mambax_b4_lpah_mask_aux_seed42_20260707_002051_ISIC_0000003.png","9DE97F80D6EE21FD75A101B2EAF93A87D182EB027FC7C9EB0E5E8BCE5289126C","oncoderm_mambax_b6_full_seed42_20260707_004712_ISIC_0000003.png","BBA0D057DEA77B5BDBB00E1C6125A670F7DDB88A5918E425D676BEB629D64BD5"
"ISIC_0000004","oncoderm_mambax_b4_lpah_mask_aux_seed42_20260707_002051_ISIC_0000004.png","F5992428F97D254DA7FCF2F1D655DD383D0DE6EBCA05178C064FD4D7C19F6455","oncoderm_mambax_b6_full_seed42_20260707_004712_ISIC_0000004.png","8E212C4E3EDDC7A429C0C531BBF501AB0A0F27089113755EE25BD907764D7737"
"ISIC_0000006","oncoderm_mambax_b4_lpah_mask_aux_seed42_20260707_002051_ISIC_0000006.png","4529DE447E30DE5CED8FA2B8E141728869D7CF23842C9B5BF463ABE856FBB235","oncoderm_mambax_b6_full_seed42_20260707_004712_ISIC_0000006.png","AFD8AB22C75C2EBF2727C198A38936ED8C3EDE03B3AB8C869E2B13BD3A7E9547"
"ISIC_0000007","oncoderm_mambax_b4_lpah_mask_aux_seed42_20260707_002051_ISIC_0000007.png","CB9A062AAE87705B0B6DC8116AB3E27BEE9DA3F2BF37F3DF4BD615B6268EDB3B","oncoderm_mambax_b6_full_seed42_20260707_004712_ISIC_0000007.png","B55456EF33167E643FA1877211C90C725921FC355C1E0EF0DC7DF69FD902EC57"
"ISIC_0000008","oncoderm_mambax_b4_lpah_mask_aux_seed42_20260707_002051_ISIC_0000008.png","63A57AE52F519E2FEAE4F0CB695A1D0A2F30FE793BE55B699BD9309B3E27F1E9","oncoderm_mambax_b6_full_seed42_20260707_004712_ISIC_0000008.png","236BBFB09206EDA176B6D9456978858ADB85BA0616E5111F436B146FC68490C4"
"ISIC_0000009","oncoderm_mambax_b4_lpah_mask_aux_seed42_20260707_002051_ISIC_0000009.png","1472CA87E28C15029E8824E10D6DD836BF6C431F2AA5031DAEEB27F0E80AD607","oncoderm_mambax_b6_full_seed42_20260707_004712_ISIC_0000009.png","B7F4F3AB977948CFD25EBE1CDFCED29B9668B4BF125765492E3D9AD0B80B0FAA"
"ISIC_0000011","oncoderm_mambax_b4_lpah_mask_aux_seed42_20260707_002051_ISIC_0000011.png","07FF55272BBB66303397E8628C72B4854F05BB1BA6F9C95897AD3A8EDDDC2B6B","oncoderm_mambax_b6_full_seed42_20260707_004712_ISIC_0000011.png","1200DC457E94BE7A780D79D8BCE0D05288E84B672C4EC50DAAAE8B66CB271F61"
"ISIC_0000012","oncoderm_mambax_b4_lpah_mask_aux_seed42_20260707_002051_ISIC_0000012.png","822D0B74AFD55D51C85DC72B1967B2135B2F6EFB95E59FD4004613F5718616C3","oncoderm_mambax_b6_full_seed42_20260707_004712_ISIC_0000012.png","399D5C4822618C1F3E819E85427F77BD60A2732F14659058CB810147BE37528E"
"ISIC_0000013","oncoderm_mambax_b4_lpah_mask_aux_seed42_20260707_002051_ISIC_0000013.png","559F1CB34313E757564FF0130006E91D7EF1D423B20F7BBB1568F40DF118BE93","oncoderm_mambax_b6_full_seed42_20260707_004712_ISIC_0000013.png","1A46797F00194C07BA7994B097AB6E289CFCD08C730609A26E1F07BFA736FEDA"
"ISIC_0000014","oncoderm_mambax_b4_lpah_mask_aux_seed42_20260707_002051_ISIC_0000014.png","16A96D0D8DA8E73FD4C3D3EB1A76D2340375A67F0101E1AD8A3B6A98B959B54A","oncoderm_mambax_b6_full_seed42_20260707_004712_ISIC_0000014.png","F766C14E443EA647FE950F7551D190BB8D28EAFBF1C2BDB296419327D3E233C9"
"ISIC_0000015","oncoderm_mambax_b4_lpah_mask_aux_seed42_20260707_002051_ISIC_0000015.png","568D5D9F00474A4B990584EA026ADDC431B2EF9E1B250A6F7F1114045AF95CFF","oncoderm_mambax_b6_full_seed42_20260707_004712_ISIC_0000015.png","BCFBEF7D3AD532600F63919D88644DDB5A297BA45EC66C2DE5B9CD4848B4A7E0"
"ISIC_0000016","oncoderm_mambax_b4_lpah_mask_aux_seed42_20260707_002051_ISIC_0000016.png","50E3FD99C2358041300891ACB550F0675CE3E2AB0770EA9251667FCA292DF572","oncoderm_mambax_b6_full_seed42_20260707_004712_ISIC_0000016.png","1F2FD4BFA2919442B46162E911D884D73C315C61211C5AB02587B4E02E508D38"
"ISIC_0000017","oncoderm_mambax_b4_lpah_mask_aux_seed42_20260707_002051_ISIC_0000017.png","964A828A9170E933169DB56CEAFE3BE6A6EA23091E0626DD0845BB86B295D82E","oncoderm_mambax_b6_full_seed42_20260707_004712_ISIC_0000017.png","7D9B7D0000ECEE3CD4E490AA852C7944661ECB25E70963BA653E9521AC3ED4C5"
"ISIC_0000018","oncoderm_mambax_b4_lpah_mask_aux_seed42_20260707_002051_ISIC_0000018.png","DBF16F86BD1E701C45EE5A28E0849C60215CCB71C43F0ABE8A4445F25B74F3ED","oncoderm_mambax_b6_full_seed42_20260707_004712_ISIC_0000018.png","7D031FF7F1EBBEED8791E9E25C0F7B953A27D780D456078E56FB8E9B1AD7A8B5"
"ISIC_0000019","oncoderm_mambax_b4_lpah_mask_aux_seed42_20260707_002051_ISIC_0000019.png","385150C8962A281B4209CBB57E68F49E7098E12ADE207F8A2F6F248006AD1C2A","oncoderm_mambax_b6_full_seed42_20260707_004712_ISIC_0000019.png","4870AF7D4A9F34F601CA447F2ADC85224F41E0012D1C85C78E8D485D1BD2FBC4"
"ISIC_0000020","oncoderm_mambax_b4_lpah_mask_aux_seed42_20260707_002051_ISIC_0000020.png","560CE36DE18037CB13C7F6DFF5C9ED23FF108DA3B881A7724755BA08567F30CF","oncoderm_mambax_b6_full_seed42_20260707_004712_ISIC_0000020.png","D06B8B929DA664FB103146AB512146ABAD913F5DE8FA70DBC609BF530CBBEA4A"
"ISIC_0000021","oncoderm_mambax_b4_lpah_mask_aux_seed42_20260707_002051_ISIC_0000021.png","59EF915689B43007CC70E24E1A18C9D4AFB40304421B1F277A2524E8C5B11D21","oncoderm_mambax_b6_full_seed42_20260707_004712_ISIC_0000021.png","01AC112730E2EA068B6F10E7006CDC876BC30B7A4B30C27CB690D53EF68E90EB"
"ISIC_0000022","oncoderm_mambax_b4_lpah_mask_aux_seed42_20260707_002051_ISIC_0000022.png","15C9506ACD9CB394FE19D7C431C3A93D38E057AAD70563B9CE17317358EB8A5B","oncoderm_mambax_b6_full_seed42_20260707_004712_ISIC_0000022.png","AE4BFEADFD71242C3C88A805C22FD4964A8A27D372FF1153451ADF2DF8779300"
"ISIC_0000023","oncoderm_mambax_b4_lpah_mask_aux_seed42_20260707_002051_ISIC_0000023.png","F3CC2DBD976122E01B35F86119BF37BE582FA695D067C79B897688E945105D33","oncoderm_mambax_b6_full_seed42_20260707_004712_ISIC_0000023.png","EA40825F3AD378F38F36E5F7A1F99EABA491AFF71530729ADC1DCB57EFD780E8"
"ISIC_0000024","oncoderm_mambax_b4_lpah_mask_aux_seed42_20260707_002051_ISIC_0000024.png","63F4FB96EBC154572ADA9765F73C7B3CA7CA33E64BB332DF2674D27EEC0DBE5B","oncoderm_mambax_b6_full_seed42_20260707_004712_ISIC_0000024.png","6FE9868F028CB360C031594EDB7C9FEF046C5D94BF8306C2133ACFD1765924EB"
"ISIC_0000025","oncoderm_mambax_b4_lpah_mask_aux_seed42_20260707_002051_ISIC_0000025.png","9FCABC141223D520705ED6941B233EACCFC140844D7CCE92A63522B48A3619BC","oncoderm_mambax_b6_full_seed42_20260707_004712_ISIC_0000025.png","68E5D0CD0300079BDA4C5B6B37918EC02E87F6FE8788E64FB737CA29E54C8D4F"
"ISIC_0000026","oncoderm_mambax_b4_lpah_mask_aux_seed42_20260707_002051_ISIC_0000026.png","EBB602E60D85224F00F23C3B08763FA7472CD85EC61104FFA737C11F22BBEF4D","oncoderm_mambax_b6_full_seed42_20260707_004712_ISIC_0000026.png","DFE5A09F2294C7D66504B60BEF921EFE6B39032845D901DD51CB7D9B7C2A1678"
"ISIC_0000027","oncoderm_mambax_b4_lpah_mask_aux_seed42_20260707_002051_ISIC_0000027.png","D5FE23D2FEC0D69DCD88DA621EE5D79118CC434D477B708A347D449B60C1513B","oncoderm_mambax_b6_full_seed42_20260707_004712_ISIC_0000027.png","3B8870EB998DFE297BD7929A1922605C7B5130BC6B05B79C9EE2B634B1CDAF44"
"ISIC_0000028","oncoderm_mambax_b4_lpah_mask_aux_seed42_20260707_002051_ISIC_0000028.png","D4FA6A6407AC521976A65EDC7E788A4489BB03270DE1A16DF9FDD6351E3889E0","oncoderm_mambax_b6_full_seed42_20260707_004712_ISIC_0000028.png","FCC94E6A82D0C9B2EE5998E766DDA76BC55292B3ADBE534628C8FB29C893A54B"
"ISIC_0000029","oncoderm_mambax_b4_lpah_mask_aux_seed42_20260707_002051_ISIC_0000029.png","98BED9A0C7E73110B86CC36927EB4169E8272F6D7A52F5A56906657372063EC5","oncoderm_mambax_b6_full_seed42_20260707_004712_ISIC_0000029.png","CE6872A944DC083A85F995B1E86C47531CC31ECD4864F2FD166AE14D480B4FC7"
"ISIC_0000030","oncoderm_mambax_b4_lpah_mask_aux_seed42_20260707_002051_ISIC_0000030.png","7B9A261AAEBAE08377BA1FB4EC2BD5E9687B36EB717E43C61CEB4E0270B35B3C","oncoderm_mambax_b6_full_seed42_20260707_004712_ISIC_0000030.png","8BD49062E044058ADE05BD90D9ABF5701A19EA359193025D237F5604649A0E11"
"ISIC_0000031","oncoderm_mambax_b4_lpah_mask_aux_seed42_20260707_002051_ISIC_0000031.png","3B3B70319EF7F6AF531E0C248D7F7539DA80C5189C740EFE3EB3A0142DCC67CE","oncoderm_mambax_b6_full_seed42_20260707_004712_ISIC_0000031.png","891D987387E90B0C94C574605D0B55817B434114A61CA96AE1CF984E1F0A8F38"
"ISIC_0000032","oncoderm_mambax_b4_lpah_mask_aux_seed42_20260707_002051_ISIC_0000032.png","D48DE787F38D64E1F15FAB79D261ABBF93CDB22128DD156F115FE9BFEB952A7E","oncoderm_mambax_b6_full_seed42_20260707_004712_ISIC_0000032.png","CEE21573FCD7541157B7705C7D9D7464D891E6AAEF5BDAE44CA31BC6144A25DC"
"ISIC_0000034","oncoderm_mambax_b4_lpah_mask_aux_seed42_20260707_002051_ISIC_0000034.png","5F5A9FA68A21FB717782835E86D281AEF38B1C508E59C4990AF26F715638EB90","oncoderm_mambax_b6_full_seed42_20260707_004712_ISIC_0000034.png","550A6D53B5756679E840317860792FD886A618075F66D8CC32EBF1C762C8FD5A"
"ISIC_0000035","oncoderm_mambax_b4_lpah_mask_aux_seed42_20260707_002051_ISIC_0000035.png","2453A9C681973AB8A88AF782EE72AE1A02452461B3EA84EF7DEDEA85BF77B39A","oncoderm_mambax_b6_full_seed42_20260707_004712_ISIC_0000035.png","D434E22E47B88EA26B6BE10B3BB11522ED9DD80C4CF3608FFBE8FDC42852C9BE"
"ISIC_0000036","oncoderm_mambax_b4_lpah_mask_aux_seed42_20260707_002051_ISIC_0000036.png","DEA4E5E0CC84A4F0687D9F68634CD5C9E46B69CB57B42F66FAED7E33451044D6","oncoderm_mambax_b6_full_seed42_20260707_004712_ISIC_0000036.png","5EA72BCFE4C827A663F386216E5A08864AD1DBA161CA33B76C3DFCEEC6596A2E"
"ISIC_0000037","oncoderm_mambax_b4_lpah_mask_aux_seed42_20260707_002051_ISIC_0000037.png","379CD83E1C1BF3A83A037C6A0B1E73EF463DBDC4FCFC7A9E7030BE85CCC6E826","oncoderm_mambax_b6_full_seed42_20260707_004712_ISIC_0000037.png","8716A0DA79D51808B7D98E23E6E8696FD22744201247D082E8E29818BBEA0933"
"ISIC_0000038","oncoderm_mambax_b4_lpah_mask_aux_seed42_20260707_002051_ISIC_0000038.png","04BEFA896DE4288C34896E46BF05BE1464EE4B2AE5D221F3E36A65B6D9041E84","oncoderm_mambax_b6_full_seed42_20260707_004712_ISIC_0000038.png","0FABE1D5406024524581EEDA0FE9ECC98E56C3579858C275299C4F4E49A12FB8"
"ISIC_0000039","oncoderm_mambax_b4_lpah_mask_aux_seed42_20260707_002051_ISIC_0000039.png","485BE304EE603CC6DD588DA2FF81E1C8C8C0B2CC41496D5F018933C9ACA793FF","oncoderm_mambax_b6_full_seed42_20260707_004712_ISIC_0000039.png","1A8094D3A324451953694C8AD550A43F67D06225E5D32E87B4067499367DE4F5"
"ISIC_0000040","oncoderm_mambax_b4_lpah_mask_aux_seed42_20260707_002051_ISIC_0000040.png","89E674A88504C4670464829DD84DBA6D550269B5EEA8FC3E72BFDCDABBD010C4","oncoderm_mambax_b6_full_seed42_20260707_004712_ISIC_0000040.png","71537609955755440D37EB6BD2577122C10070A2EA456503CB5B6A07946C6790"
"ISIC_0000041","oncoderm_mambax_b4_lpah_mask_aux_seed42_20260707_002051_ISIC_0000041.png","C4E2570C17ADA326C61CABBB8AFA023D2423FE72CD2F6EC36D9D51CBA4D6DE1D","oncoderm_mambax_b6_full_seed42_20260707_004712_ISIC_0000041.png","7EE70B56B18262A3E89A450181EAC1AD90211DA89A0D3D0E016E99BF925D9F95"
"ISIC_0000042","oncoderm_mambax_b4_lpah_mask_aux_seed42_20260707_002051_ISIC_0000042.png","206C3EF070B7BBE8CC841A97488A3DFA91C717382B307BA099B5B5B1CB7526F3","oncoderm_mambax_b6_full_seed42_20260707_004712_ISIC_0000042.png","78C1EF86677050063EC74635403B2A4C09818DA64FF1527C9D980D9412FA26DE"
"ISIC_0000043","oncoderm_mambax_b4_lpah_mask_aux_seed42_20260707_002051_ISIC_0000043.png","C355847646F03C9B9B8A57C80327E17A112970F07A3475CFA8EA0BAB2B2036F8","oncoderm_mambax_b6_full_seed42_20260707_004712_ISIC_0000043.png","A5F6A5DEA5F9BB210D54D27B2E55A1532B852A2A37525D3D3A1ECFDDDB131D77"
"ISIC_0000044","oncoderm_mambax_b4_lpah_mask_aux_seed42_20260707_002051_ISIC_0000044.png","7812564BB93BBA1F7480A0E82507B8EAF8C39B0A3FBEC259AEEB6C101F8E0713","oncoderm_mambax_b6_full_seed42_20260707_004712_ISIC_0000044.png","485757C2945054FF088D52DE52AD1EAE449BA81569B2B51A3C15DA9360AEBA99"
"ISIC_0000045","oncoderm_mambax_b4_lpah_mask_aux_seed42_20260707_002051_ISIC_0000045.png","53F3545FB803A147D596B032D93998EFB57314036AEED0281A9B0F58B21DA410","oncoderm_mambax_b6_full_seed42_20260707_004712_ISIC_0000045.png","4346DC7DB71F736E4F882211518BC194990B8A2BDBFA1B533C40572614F84484"
"ISIC_0000046","oncoderm_mambax_b4_lpah_mask_aux_seed42_20260707_002051_ISIC_0000046.png","EFC68323E4B2EDA2D02D9BBBE9DD7E98A34074C588F0AFBCAF46C6990F679519","oncoderm_mambax_b6_full_seed42_20260707_004712_ISIC_0000046.png","EE3607B0FA0D467918DCC5A9A08B139F626BD0A455B272BF87DE14B526FB2D3E"
"ISIC_0000047","oncoderm_mambax_b4_lpah_mask_aux_seed42_20260707_002051_ISIC_0000047.png","8EBFF851BD8377BDD0DE6C5DEA23D803C99C56B617B46BB4431687B7A4CDF156","oncoderm_mambax_b6_full_seed42_20260707_004712_ISIC_0000047.png","6462FA7BDCE840EE0B985CC9F7B5271E4D242D69B9431854D49BE4F94AD7C160"
"ISIC_0000048","oncoderm_mambax_b4_lpah_mask_aux_seed42_20260707_002051_ISIC_0000048.png","C0586F550B41ACB8AE5FE8E196014E56C9E4050BB8CE9866C9C2A9FB897FABF2","oncoderm_mambax_b6_full_seed42_20260707_004712_ISIC_0000048.png","55828F48A5537D480D3B2553B14210C00BD345E879BEAF773539DA99340B8C55"
"ISIC_0000049","oncoderm_mambax_b4_lpah_mask_aux_seed42_20260707_002051_ISIC_0000049.png","AA91F2458DDB7FE99DDB81E7D9F92B2DE00EF350BD3AE8C04DA342B380DC599E","oncoderm_mambax_b6_full_seed42_20260707_004712_ISIC_0000049.png","D276E445157E7D1C081C8973F13DCC44CF9C4DE0DAEED0EB9CA598ED60581CC9"
"ISIC_0000050","oncoderm_mambax_b4_lpah_mask_aux_seed42_20260707_002051_ISIC_0000050.png","426434F067A5030ADB8F79C191A6399AB74D938A349C9E2888E3485162A87E1C","oncoderm_mambax_b6_full_seed42_20260707_004712_ISIC_0000050.png","1AE7A3FC32E063C5FC927234DFC8F17B04B66610EB5C1EF4138BE5A515268E0C"
"ISIC_0000051","oncoderm_mambax_b4_lpah_mask_aux_seed42_20260707_002051_ISIC_0000051.png","B61233012AC6EF591B5E84971BCC94B53ADDD794EE71FD153B3670B25AF4E7DE","oncoderm_mambax_b6_full_seed42_20260707_004712_ISIC_0000051.png","B25C3A6CACA521556D29D3D71689E522DC2745A512C8680D494D910FE78F19AD"
"ISIC_0000052","oncoderm_mambax_b4_lpah_mask_aux_seed42_20260707_002051_ISIC_0000052.png","B869FDC51AA4E313EB32F12CA12373FAF98865A08E32D166582A5BE1B1BD6724","oncoderm_mambax_b6_full_seed42_20260707_004712_ISIC_0000052.png","729F79FF4304C1EC9D2055C691215594712D0A917C5484CFC00003DFF2F19232"
"ISIC_0000053","oncoderm_mambax_b4_lpah_mask_aux_seed42_20260707_002051_ISIC_0000053.png","422CC5C1C15DBCAD53724352825B826B884A47C8BBD7CA3CB447269621736D5F","oncoderm_mambax_b6_full_seed42_20260707_004712_ISIC_0000053.png","C7A688C37D0F980E4008EC4639EDE4A775A67C9D6FD6F6B28C709243612F4745"
"ISIC_0000054","oncoderm_mambax_b4_lpah_mask_aux_seed42_20260707_002051_ISIC_0000054.png","EB20FEBE3F50512BE4DA197D2665AED6D4AA6E9BF9A7626E416DF162015CBD1B","oncoderm_mambax_b6_full_seed42_20260707_004712_ISIC_0000054.png","0AD2C0BB99149DE81AA86B1F2893EA37C1B06B791E3079962273F4039AE9AB94"
"ISIC_0000055","oncoderm_mambax_b4_lpah_mask_aux_seed42_20260707_002051_ISIC_0000055.png","FC97159E622A9C4CFCCE607D8295D78C5789C9726783DA0D4F9A76FF25ED9F1B","oncoderm_mambax_b6_full_seed42_20260707_004712_ISIC_0000055.png","18EA243C5E541FA5B1983990A9323F802D46C26234F768EAF75AC0A2DB355FF7"
"ISIC_0000056","oncoderm_mambax_b4_lpah_mask_aux_seed42_20260707_002051_ISIC_0000056.png","32C9F0DEBB94FEC7884387890C406598CA69F409E1EF995D8D76EC8E0B6B7884","oncoderm_mambax_b6_full_seed42_20260707_004712_ISIC_0000056.png","C18F204A88E74732F06788E431B6E3656EAAEABFDA4452B399596FCB4EA385CF"
"ISIC_0000057","oncoderm_mambax_b4_lpah_mask_aux_seed42_20260707_002051_ISIC_0000057.png","8486ED7B78EF4701F41F151CD9AB9E1F2A4BD7E0742F922A37C4B42962805F93","oncoderm_mambax_b6_full_seed42_20260707_004712_ISIC_0000057.png","0AEFECA070A5C61020B7EE925BA7D2F097C7F2DE0AF18CFD608D6E126DFCCBD6"
"ISIC_0000058","oncoderm_mambax_b4_lpah_mask_aux_seed42_20260707_002051_ISIC_0000058.png","E0F8D4C09A85CC0A29E5DDE45E0DD5246440317CB22842E58B9B01DAA55AE734","oncoderm_mambax_b6_full_seed42_20260707_004712_ISIC_0000058.png","9E582A4745F36C6C78A11A55077971E56262238FF17DE9764BC789098617DF50"
"ISIC_0000059","oncoderm_mambax_b4_lpah_mask_aux_seed42_20260707_002051_ISIC_0000059.png","6C38E5B0EB0EADACFB56F3E1EA136970F963200C2EE0B91C19E22D4514E0A0F4","oncoderm_mambax_b6_full_seed42_20260707_004712_ISIC_0000059.png","37E9C035863F9855E4E4E73E9C271CBE37E17DC38B5AC1EFA3FF2BBE43566392"
"ISIC_0000060","oncoderm_mambax_b4_lpah_mask_aux_seed42_20260707_002051_ISIC_0000060.png","1C2EB83FE59554D75383AA8800EBB0199E1897A8201A00DF7A71C7C4AA155739","oncoderm_mambax_b6_full_seed42_20260707_004712_ISIC_0000060.png","D8A014925341C2CA12CA71929B998893C83B709F6AA8841B3CBFD8754B9FBAF1"
"ISIC_0000061","oncoderm_mambax_b4_lpah_mask_aux_seed42_20260707_002051_ISIC_0000061.png","0DFD814C04A538BAF0CFF7B77FB5DFC5C329DE6B98C64F531915B1B859EE34E5","oncoderm_mambax_b6_full_seed42_20260707_004712_ISIC_0000061.png","A34B149F94879B0501F52124B6377CC9B0807325E727A845180C77469A54BC06"
"ISIC_0000062","oncoderm_mambax_b4_lpah_mask_aux_seed42_20260707_002051_ISIC_0000062.png","B4517AA4138C5D40DF5CDC59BEF0B88A886FDAAE567EC536289C952F90224E09","oncoderm_mambax_b6_full_seed42_20260707_004712_ISIC_0000062.png","321BCF39A9FE5F80731BFA2198F3D455633E4AB65F3BE689F2A7EEDF0BDA14EE"
"ISIC_0000063","oncoderm_mambax_b4_lpah_mask_aux_seed42_20260707_002051_ISIC_0000063.png","DB34CC7D4CE8AEE4281D7DC3AEFAEF1A8CED01006B877E2539731CD6A8AB7E84","oncoderm_mambax_b6_full_seed42_20260707_004712_ISIC_0000063.png","739024A21D428AC74967E2FDB30808EBE2DB30E877C7C7D3FA4ECEDEAF292E33"
"ISIC_0000064","oncoderm_mambax_b4_lpah_mask_aux_seed42_20260707_002051_ISIC_0000064.png","D3C895A7FE34C10D768B923F88E299F671247909AB67C41F9758CF080FD85698","oncoderm_mambax_b6_full_seed42_20260707_004712_ISIC_0000064.png","44B7F3BBEEBFE28491BBF33572DEC0E8FBD75E94ADF78E80D248CB24651243FD"
"ISIC_0000065","oncoderm_mambax_b4_lpah_mask_aux_seed42_20260707_002051_ISIC_0000065.png","F54B90791ADAF0B6E1F66A07CBEAB6E40A3FBECCB2DEA11A24DFA57A445194EF","oncoderm_mambax_b6_full_seed42_20260707_004712_ISIC_0000065.png","C751AC44774073C81E484DEA18D2E0CDC255183285A6C73B3B51D36C1526EF07"
"ISIC_0000066","oncoderm_mambax_b4_lpah_mask_aux_seed42_20260707_002051_ISIC_0000066.png","DDF340793367EC61383E288D84A40899974FF0D747B7C9B03F42A89B33850891","oncoderm_mambax_b6_full_seed42_20260707_004712_ISIC_0000066.png","6E3C84FFF2CCCAE685E64577F668C0C9315E9634A62E704E6572A4FA1AB1CC50"
"ISIC_0000067","oncoderm_mambax_b4_lpah_mask_aux_seed42_20260707_002051_ISIC_0000067.png","241FE1BA23E4A20788766C52E5DD3A99307AB49A7478F51660FA5B20F5B6EEA3","oncoderm_mambax_b6_full_seed42_20260707_004712_ISIC_0000067.png","293A0AFE0B8A9858E3996AFB8103E314FCD3C23DF675C05A0122D19A38F04C46"
"ISIC_0000068","oncoderm_mambax_b4_lpah_mask_aux_seed42_20260707_002051_ISIC_0000068.png","D7D5AFB1EFF70C9BBE695B95DA64D92031153D383781958BF45B30ACCDB13008","oncoderm_mambax_b6_full_seed42_20260707_004712_ISIC_0000068.png","8587486ADFB4F06623FB671F737DFD262647B984D38B16A669C979252EAEDAAB"
"ISIC_0000069","oncoderm_mambax_b4_lpah_mask_aux_seed42_20260707_002051_ISIC_0000069.png","82331E304B4B6A2E57E0611F9D9F008B3C26F435C1F8F2F8CD32C2121C9D13AE","oncoderm_mambax_b6_full_seed42_20260707_004712_ISIC_0000069.png","29868A9DE4A54290D54F582F5138B5F41606A6C7BACA580A1AB74A3AF64ED1D8"
"ISIC_0000071","oncoderm_mambax_b4_lpah_mask_aux_seed42_20260707_002051_ISIC_0000071.png","EDBB86BDCC8A7222C30B150505398B83DC1FE29891768BA7E10AA92937C92E16","oncoderm_mambax_b6_full_seed42_20260707_004712_ISIC_0000071.png","F305C7A48C9241B66C80D8370B3CE8560DDA812F8CBF1F4F203FEF68C845E090"
"ISIC_0000072","oncoderm_mambax_b4_lpah_mask_aux_seed42_20260707_002051_ISIC_0000072.png","DF5178189D9D28F9E178D5141E01487E9E4786A7ACAE2D2AA3D7A13B27A25E87","oncoderm_mambax_b6_full_seed42_20260707_004712_ISIC_0000072.png","531F5293D054BA8F88CD64353AAFFB4F302E043512B5BA3934AB807A6C70420F"
"ISIC_0000073","oncoderm_mambax_b4_lpah_mask_aux_seed42_20260707_002051_ISIC_0000073.png","4DC24EC93FE88CB8A9FA73562F3BAD9E3C85283A292FF1F493C3B524821EF45C","oncoderm_mambax_b6_full_seed42_20260707_004712_ISIC_0000073.png","6D47544D50AED794427153A0127998D7C317EF21A5514C2EA9D9DFCAD600A928"
"ISIC_0000074","oncoderm_mambax_b4_lpah_mask_aux_seed42_20260707_002051_ISIC_0000074.png","2DD5360B3B5AEEE5D2A727AFCCFFF7149BB63D40CF8B00E45E05762D91B82C3B","oncoderm_mambax_b6_full_seed42_20260707_004712_ISIC_0000074.png","994FBDFB106D80526AE1F062A1DA26F94097868D5E36BE412371BC451FB74EFC"
"ISIC_0000075","oncoderm_mambax_b4_lpah_mask_aux_seed42_20260707_002051_ISIC_0000075.png","CC74B8601EDC378E939567D2D81517CA57C92C29B5FA0CF06AEE2171EDBA9FDD","oncoderm_mambax_b6_full_seed42_20260707_004712_ISIC_0000075.png","0F6DEB6E225021B5BE3CE2B8F761A403AB8E1D6E5B3188E1386671D95F417ACD"
"ISIC_0000077","oncoderm_mambax_b4_lpah_mask_aux_seed42_20260707_002051_ISIC_0000077.png","E8F35476EED06D2D0A93BF9235B0E31ABA60D1774BEF9587B0BD8924349D00AE","oncoderm_mambax_b6_full_seed42_20260707_004712_ISIC_0000077.png","3ED6B8445DA21E818AF980C00F1A4590EB39DBDFE4053614A3899B63206552E4"
"ISIC_0000078","oncoderm_mambax_b4_lpah_mask_aux_seed42_20260707_002051_ISIC_0000078.png","C538D31CBD310EB22B12BFF79295477F8F14C4A5D12E11CBA7713C3550F2D023","oncoderm_mambax_b6_full_seed42_20260707_004712_ISIC_0000078.png","C39D990E04482D15C01E20931C67F9AD1499249FBEAF0A7ABD5DF52593E80439"
"ISIC_0000079","oncoderm_mambax_b4_lpah_mask_aux_seed42_20260707_002051_ISIC_0000079.png","A29C10BC331AAACF4A89404EB80EE58493A11A6AF3A595AA5EDC5F1EBAAC7CF9","oncoderm_mambax_b6_full_seed42_20260707_004712_ISIC_0000079.png","13F1CAB9D552C81AB31E7A910081C541A79C06BE6853E38E9C84E81E4062AFCB"
"ISIC_0000080","oncoderm_mambax_b4_lpah_mask_aux_seed42_20260707_002051_ISIC_0000080.png","AF978492E47AAE449EAE9DE2131356D8778D942D93A0191D20E8173FBFC2150B","oncoderm_mambax_b6_full_seed42_20260707_004712_ISIC_0000080.png","878F2F486540AD373D123D2387C3FEFE066ED9BB8478DB008FE938D12F699A80"
"ISIC_0000081","oncoderm_mambax_b4_lpah_mask_aux_seed42_20260707_002051_ISIC_0000081.png","89033C6EF282B6D0B3C5006AA1FF37AD934243CAC8FEA3DBC5680EB3BA8F476D","oncoderm_mambax_b6_full_seed42_20260707_004712_ISIC_0000081.png","738F40ED1D84EB602DE09319B27536F6851035D306BF84464E110E80741D61D3"
"ISIC_0000082","oncoderm_mambax_b4_lpah_mask_aux_seed42_20260707_002051_ISIC_0000082.png","7F281F7F2B89115D4758583033E5D004C230030FC49D082E5F7EBAB83F2F15E8","oncoderm_mambax_b6_full_seed42_20260707_004712_ISIC_0000082.png","F96458C47D2A70701E09605A2013451FA18758ABD4AB4614218A6AA5BD0D9315"
"ISIC_0000085","oncoderm_mambax_b4_lpah_mask_aux_seed42_20260707_002051_ISIC_0000085.png","DBCD50801EE253A7EBFB2C9D715A524AE38D5592D435B925FDD5EF9A9092B0F6","oncoderm_mambax_b6_full_seed42_20260707_004712_ISIC_0000085.png","EDB5FDDBB33A3BCAEA7CEF69DEF4D9502336C14F56E5435B27EBC3990E733A5A"
"ISIC_0000086","oncoderm_mambax_b4_lpah_mask_aux_seed42_20260707_002051_ISIC_0000086.png","112B5AC95397736E381CFA3D988D1B68FDB5FBCA61896110E53059E1A180CA7A","oncoderm_mambax_b6_full_seed42_20260707_004712_ISIC_0000086.png","3806D4F2F22C944F266F93C5A6D2771A01F8CAE593589AA98DB08D2B2D2F038C"
"ISIC_0000087","oncoderm_mambax_b4_lpah_mask_aux_seed42_20260707_002051_ISIC_0000087.png","5960DB3AE99BDAE57AE60F0DEAF778866F1E1F481F72492528C4C98DAA0E6537","oncoderm_mambax_b6_full_seed42_20260707_004712_ISIC_0000087.png","C385310FABFC32315E237EDDF407DA00E05E4ED9CA217A4383CE682D412BD883"
"ISIC_0000088","oncoderm_mambax_b4_lpah_mask_aux_seed42_20260707_002051_ISIC_0000088.png","6085EFC65DB33014109BC42A1B7545E43F15E0603E122715B95DADEBF550F518","oncoderm_mambax_b6_full_seed42_20260707_004712_ISIC_0000088.png","18F6248859792C797C54781A9FACE68F90B579D3C6F21AEDDFAEC47FB4FE14ED"
"ISIC_0000089","oncoderm_mambax_b4_lpah_mask_aux_seed42_20260707_002051_ISIC_0000089.png","856BFFEFCEFADC7CE99FF894599AF81F1956758E382DA4C8EEB790BA79199242","oncoderm_mambax_b6_full_seed42_20260707_004712_ISIC_0000089.png","9E9F406AA30A403DCD67FD96E060D1EED42BB09C196307067CC06BB62EAE9080"
"ISIC_0000091","oncoderm_mambax_b4_lpah_mask_aux_seed42_20260707_002051_ISIC_0000091.png","97E005C7D4DE3A3C0B90BA4F7DFD047031DABD4C52924053AAC0800DD22AE2A9","oncoderm_mambax_b6_full_seed42_20260707_004712_ISIC_0000091.png","253731D28B0102A25D08B7457C4ED94708B54B85CBD87318CBBB82022535EA12"
"ISIC_0000092","oncoderm_mambax_b4_lpah_mask_aux_seed42_20260707_002051_ISIC_0000092.png","CF443325838C550A38563141744432A36A8C753C2833C0B3F6FA576F59C9BC5E","oncoderm_mambax_b6_full_seed42_20260707_004712_ISIC_0000092.png","81A71B3115AC3BBEF0A2A5E645B985F5C5CD955B7561E62392891A84F58B0188"
"ISIC_0000093","oncoderm_mambax_b4_lpah_mask_aux_seed42_20260707_002051_ISIC_0000093.png","66DDE77A77D312B54F948D2DE6BDE05BCACDB15A9038430D69073D14D574242C","oncoderm_mambax_b6_full_seed42_20260707_004712_ISIC_0000093.png","D0371BCF85AEFD24AAAD5689403CE330388D64FDC945207510B955A862797782"
"ISIC_0000094","oncoderm_mambax_b4_lpah_mask_aux_seed42_20260707_002051_ISIC_0000094.png","4E71338F84A916BD81FD4636643DE12D62E3B9D26BD58B9D78AA8D8A3E04705E","oncoderm_mambax_b6_full_seed42_20260707_004712_ISIC_0000094.png","3F72B207D9CB10063EF37DA19F9CAC612C30854DD19F6FFEC453495849CB1C86"
"ISIC_0000095","oncoderm_mambax_b4_lpah_mask_aux_seed42_20260707_002051_ISIC_0000095.png","6346FD87734B300564A9987F703A68CC5C7812B3AE16591DD1645A98D32882D3","oncoderm_mambax_b6_full_seed42_20260707_004712_ISIC_0000095.png","11CBB0ADFCD37DCCBA2F8FC8EC8C0E62D4F5E7DFDA0DB2A5D15E03C2465E3029"
"ISIC_0000096","oncoderm_mambax_b4_lpah_mask_aux_seed42_20260707_002051_ISIC_0000096.png","E96484B801BE7863C5122C9100FEE84E5A265D87FB3A9D63D046FA82D7F2E78D","oncoderm_mambax_b6_full_seed42_20260707_004712_ISIC_0000096.png","3CF4605766E410EE8F3E1955774D10638644338EE642837A9371FE5627F61715"
"ISIC_0000097","oncoderm_mambax_b4_lpah_mask_aux_seed42_20260707_002051_ISIC_0000097.png","B4FE043DE0FB48274EAB58364926A06674808B2668D6E51C8BFAB0ACCB0382AE","oncoderm_mambax_b6_full_seed42_20260707_004712_ISIC_0000097.png","593BE35AB3B0DF89AD57C000B3DCEB0033E350D5E37CE3CC19AD750E1CBCB078"
"ISIC_0000098","oncoderm_mambax_b4_lpah_mask_aux_seed42_20260707_002051_ISIC_0000098.png","1752F4229A411CE1E423D1D5DD1DF7250DB49ADD1B32F95EACC0FFF7ECC4BE17","oncoderm_mambax_b6_full_seed42_20260707_004712_ISIC_0000098.png","B438107E075932CFFD44A9632183F55151E19C510EF66BCBFD3E42FEC2AE2178"
"ISIC_0000099","oncoderm_mambax_b4_lpah_mask_aux_seed42_20260707_002051_ISIC_0000099.png","F5C7FC4E012FE26A1D1248FCF0AA354C2E8D2BFCC452F31A0B79F18B037C3771","oncoderm_mambax_b6_full_seed42_20260707_004712_ISIC_0000099.png","2BCE93971BA93386837E7F8848BCDCC7E812D2514384CD97EEAE64A376EBCC72"
"ISIC_0000100","oncoderm_mambax_b4_lpah_mask_aux_seed42_20260707_002051_ISIC_0000100.png","6603FB44CE5AAA565D5997D1D8B35BAE5E751D7E44AD7DB6B1B0FF3B66398CA5","oncoderm_mambax_b6_full_seed42_20260707_004712_ISIC_0000100.png","A62BAE7074F6164EFC444498F79286DF97327F6E4B1054D31A33C579057B0BD0"
"ISIC_0000101","oncoderm_mambax_b4_lpah_mask_aux_seed42_20260707_002051_ISIC_0000101.png","CC7A3660137ED612EC21E41D9ECA32FA6097307874F463B2A8997CC6D946F2C8","oncoderm_mambax_b6_full_seed42_20260707_004712_ISIC_0000101.png","392A79B4630DACC30380C2030AC3C332A4C97BE6E0DDE189483C4FD9B500BC32"
"ISIC_0000102","oncoderm_mambax_b4_lpah_mask_aux_seed42_20260707_002051_ISIC_0000102.png","45FF38996162EAF405864AC07CCAC89A789F9775648C362B0740F7ECEF8E8936","oncoderm_mambax_b6_full_seed42_20260707_004712_ISIC_0000102.png","A68003057B44B5AA481E9C988F4EAE67F2F1015AD76766CC445EB448C70EAABD"
"ISIC_0000103","oncoderm_mambax_b4_lpah_mask_aux_seed42_20260707_002051_ISIC_0000103.png","A4D0DABEE084BF06A728F12C8B993E85C3743810E2BC173C1DF2F827B240C406","oncoderm_mambax_b6_full_seed42_20260707_004712_ISIC_0000103.png","53846C7A51C18D9CFA21E3CA2A683FC6E15E55D26A8F05821F63B663EB2B06C5"
"ISIC_0000104","oncoderm_mambax_b4_lpah_mask_aux_seed42_20260707_002051_ISIC_0000104.png","11037E83CC6A8DC6DA67299EBCAA6D1A22410FB384DDDD83BF4C268A4312046F","oncoderm_mambax_b6_full_seed42_20260707_004712_ISIC_0000104.png","FBC7B418956AD1ED591A7A920DC4061986E8CDE44D9D11BD603FA3576FBCEE5E"
"ISIC_0000105","oncoderm_mambax_b4_lpah_mask_aux_seed42_20260707_002051_ISIC_0000105.png","F3D2AF8C79509FB1DCC8F6DD9524A20024DF91222D3209D597609424F91DF295","oncoderm_mambax_b6_full_seed42_20260707_004712_ISIC_0000105.png","E3D82BDC35C1355431B88DBA05D14D7FA256F6A476883D6CA459FA1E3182A22B"
"ISIC_0000107","oncoderm_mambax_b4_lpah_mask_aux_seed42_20260707_002051_ISIC_0000107.png","A870DDBA1B84B98C75369AA5C703167CEDEBE0FA474DA036874DFD64F6EAA2D2","oncoderm_mambax_b6_full_seed42_20260707_004712_ISIC_0000107.png","DBE322AE4361BF6C6CC906747C58557F36D6A8B89884F4A5F73221D98ED074B2"
"ISIC_0000108","oncoderm_mambax_b4_lpah_mask_aux_seed42_20260707_002051_ISIC_0000108.png","7D29E0D0BA9315AB651C07C060F238F7A0FB1E07E0C30EB17886AA1BD5C6635F","oncoderm_mambax_b6_full_seed42_20260707_004712_ISIC_0000108.png","8417CCD01DC54D25A7199DA353959C8DDB8B4079926049345208DC28A7895E54"
"ISIC_0000109","oncoderm_mambax_b4_lpah_mask_aux_seed42_20260707_002051_ISIC_0000109.png","AA6F0EE0ABBC01D80B22DD387161E246AF5FBB5488A14AFFE5D7E24275FB7CF3","oncoderm_mambax_b6_full_seed42_20260707_004712_ISIC_0000109.png","4DAF02A8D8C3AB5D7A37102CDE150CB0C73964EA4738F23E7BB4B008321D9DC8"
"ISIC_0012255","oncoderm_mambax_b4_lpah_mask_aux_seed42_20260707_002051_ISIC_0012255.png","4BB159D390FCC1C754EED338CE26F5A117F7981C974A1B488AA1275A702EFF6C","oncoderm_mambax_b6_full_seed42_20260707_004712_ISIC_0012255.png","6E10420C7591178A9E6A2F1E8F665034DB7DCB9279246C23154FBBEB8BE60AE3"
"ISIC_0012346","oncoderm_mambax_b4_lpah_mask_aux_seed42_20260707_002051_ISIC_0012346.png","2E4553E83155EB702A664B4A1119DA829E1DF4C30BA21787A32C084092E23068","oncoderm_mambax_b6_full_seed42_20260707_004712_ISIC_0012346.png","8C9D479406048E1979D1679EA85D2DF6C9A5303D53EB8E4B933B1E899904D8D2"
"ISIC_0012576","oncoderm_mambax_b4_lpah_mask_aux_seed42_20260707_002051_ISIC_0012576.png","EEAFD177070691CCF58FDB51325ABA3762181AED2B1AE109771296740005F8D8","oncoderm_mambax_b6_full_seed42_20260707_004712_ISIC_0012576.png","F3A1EE50873500709A2E4DB5A84D7568230E0FD8D018FC7ED38D5FB34BA60CE0"
"ISIC_0012585","oncoderm_mambax_b4_lpah_mask_aux_seed42_20260707_002051_ISIC_0012585.png","9FE0B8FEAB21B5FD703715AC1931D5716B5B8AC2390FF5761D4F508FD9B9E625","oncoderm_mambax_b6_full_seed42_20260707_004712_ISIC_0012585.png","9A322820A6BED10011351A05B291D41A4AA58C532DFF25C3F78A3602E6E8F178"
"ISIC_0012623","oncoderm_mambax_b4_lpah_mask_aux_seed42_20260707_002051_ISIC_0012623.png","4F48A349C735CBA3F290BD58C97698B70F947A197DE73CBA97E622887CC5C298","oncoderm_mambax_b6_full_seed42_20260707_004712_ISIC_0012623.png","EEDF77ACC7345E0127BE9C208FC99FD8D676443F7FE99F1164C913CD267B6CA0"
"ISIC_0012627","oncoderm_mambax_b4_lpah_mask_aux_seed42_20260707_002051_ISIC_0012627.png","97501C7CC95ABEF8D1237E56B412F2BC7CB7389A82DF4B59516D1259C4ED1BC7","oncoderm_mambax_b6_full_seed42_20260707_004712_ISIC_0012627.png","D2E986EB72C42C813811B8CAC0D8F96D111DB0950239EC208EB285600507BF9D"
"ISIC_0012633","oncoderm_mambax_b4_lpah_mask_aux_seed42_20260707_002051_ISIC_0012633.png","53D43E0BE4428B04009E7D90D04DCCAA1672F7BAB487C728F080445DEFA42197","oncoderm_mambax_b6_full_seed42_20260707_004712_ISIC_0012633.png","DCAC91E5EF0F6C5C27ECD921AA0816FA20F58EEA51DFFE4CEBAFB97072E52123"
"ISIC_0012643","oncoderm_mambax_b4_lpah_mask_aux_seed42_20260707_002051_ISIC_0012643.png","70C8300A4A1FC79098F1CAFEF5C54F30484A9767B40D2BBB5E9F15D49CB6B740","oncoderm_mambax_b6_full_seed42_20260707_004712_ISIC_0012643.png","1A28C0AE09DF13D1504CE1795713E1BD8746A42CB6F4E87E2E68687437285673"
"ISIC_0015294","oncoderm_mambax_b4_lpah_mask_aux_seed42_20260707_002051_ISIC_0015294.png","4F6AB5FA2C84C906E277CBBFEB045991A6CC698476E48F829C982FD11480F7F0","oncoderm_mambax_b6_full_seed42_20260707_004712_ISIC_0015294.png","3EB04AB20A755283DED77F2CE47773F37E5C9E16B6C8C5B6859B5D0689C82324"
"ISIC_0015351","oncoderm_mambax_b4_lpah_mask_aux_seed42_20260707_002051_ISIC_0015351.png","15B38011AA6A439ED0EA1ACA091BD76E5962286BCEEF7EE759D158188A227266","oncoderm_mambax_b6_full_seed42_20260707_004712_ISIC_0015351.png","11D08786C6A7A197485F03A1F7E51E02A9BD42B1122437A3FE0E5C034BF16405"
"ISIC_0015370","oncoderm_mambax_b4_lpah_mask_aux_seed42_20260707_002051_ISIC_0015370.png","D174D7B122C8BEA4D2FF0A8559A08CDB59DD936789F8D055A6A9D3E906E285ED","oncoderm_mambax_b6_full_seed42_20260707_004712_ISIC_0015370.png","402A8816470A0DB92A40D030CA97A03B8C820F788FE27C95DEA45D1ADA657D06"
"ISIC_0015462","oncoderm_mambax_b4_lpah_mask_aux_seed42_20260707_002051_ISIC_0015462.png","57520054DBFC06BB80A18D0A43B5C2A1AE1232339872C291EB8EA95DE2E45313","oncoderm_mambax_b6_full_seed42_20260707_004712_ISIC_0015462.png","E4EA03AA32245B116DD6ED545EEF5ADEB2E0050C0402DFE054259B74B1C19374"
"ISIC_0015480","oncoderm_mambax_b4_lpah_mask_aux_seed42_20260707_002051_ISIC_0015480.png","6B166C95E061863816DEC9FB6ACAA9E7AA7511D1F67DA46A8A7E0ECB3BE85A6D","oncoderm_mambax_b6_full_seed42_20260707_004712_ISIC_0015480.png","29E5ED1970D5989C7818DB1D63A2CB2601C7E73714A5C8509C28C71077B1176F"
"ISIC_0015492","oncoderm_mambax_b4_lpah_mask_aux_seed42_20260707_002051_ISIC_0015492.png","632886D1CF8D282ECF4A3DE9EF2B03ECCDFE31937E4F8B184ECF2CB8AB91BACF","oncoderm_mambax_b6_full_seed42_20260707_004712_ISIC_0015492.png","7DAA16E530BE432F2606DA189BE2CB27107F03FE7539BFB0873476E9D5B03B3B"
"ISIC_0015518","oncoderm_mambax_b4_lpah_mask_aux_seed42_20260707_002051_ISIC_0015518.png","7B7005712655C3FE61762CEF245CF7B8EB535361F32D9C4F57E66E952117F68E","oncoderm_mambax_b6_full_seed42_20260707_004712_ISIC_0015518.png","83B13EDF0F47008B1DA9CBA5DCA7531359A4109C0DCDF6906CC3B89B06E6AD84"
"ISIC_0015552","oncoderm_mambax_b4_lpah_mask_aux_seed42_20260707_002051_ISIC_0015552.png","D91EC2593A0224CDB2DAAA1CF6BA5B9F3556D98BB609A8F38BE802269F22B1B6","oncoderm_mambax_b6_full_seed42_20260707_004712_ISIC_0015552.png","D012D72AFBE94BB5EFBA5EB4E9CD7921F12B8FBE99520D7D46734D4B3C1531CE"
"ISIC_0015590","oncoderm_mambax_b4_lpah_mask_aux_seed42_20260707_002051_ISIC_0015590.png","C1A2AC28024E8E3C2D07E5CF4080D34F344822E99EFC878A91585F98378923C4","oncoderm_mambax_b6_full_seed42_20260707_004712_ISIC_0015590.png","AC6406A88B5A217F451DB108552A548117F3378BB806F44C0CC115C1DC172B1B"
"ISIC_0015634","oncoderm_mambax_b4_lpah_mask_aux_seed42_20260707_002051_ISIC_0015634.png","9B81779A0F56E375E064B8BE48FEB8B154ED1F8C498990ADB4149062575D5723","oncoderm_mambax_b6_full_seed42_20260707_004712_ISIC_0015634.png","25048E503895B700444338ADEC199481D433E29C4CC22B203F6BD5C507B0E47A"
"ISIC_0016351","oncoderm_mambax_b4_lpah_mask_aux_seed42_20260707_002051_ISIC_0016351.png","C31447B2D98D300E591DC399C65EE6C6653C3BEBADA72C351722FF4EC5CDC14C","oncoderm_mambax_b6_full_seed42_20260707_004712_ISIC_0016351.png","CC1EBA5FC1EC05B91C1F8729DA19249F24603E6B4C85A7F0E31DC13689257A91"
"ISIC_0016714","oncoderm_mambax_b4_lpah_mask_aux_seed42_20260707_002051_ISIC_0016714.png","6808BE4BE29356F1CBB143DEC8C70831885ABEE1DCDBBCB928E6254F8296A756","oncoderm_mambax_b6_full_seed42_20260707_004712_ISIC_0016714.png","61D5E1E18F490FB49CAC7432D3CFB04B5CB008A5BFF98B7AEFD64FB81134DB96"
"ISIC_0016804","oncoderm_mambax_b4_lpah_mask_aux_seed42_20260707_002051_ISIC_0016804.png","883DD952E1FF7EAC8A936F4022447137DEDACFDD1E18E33193A6456799E187A3","oncoderm_mambax_b6_full_seed42_20260707_004712_ISIC_0016804.png","C56CFB05D4AA90D5092A5B64F189E44550A9D105094CBD2155039337F16C921C"
"ISIC_0017341","oncoderm_mambax_b4_lpah_mask_aux_seed42_20260707_002051_ISIC_0017341.png","65B3B949E994BA5FC0801A6BB38343F79BE149347C74BD5D5C8DC8C104030485","oncoderm_mambax_b6_full_seed42_20260707_004712_ISIC_0017341.png","786C25E3EA9C9439373E32656F61A0EDDAF7FD91BD9B44608408C90834D0B766"
"ISIC_0017398","oncoderm_mambax_b4_lpah_mask_aux_seed42_20260707_002051_ISIC_0017398.png","C31F37B6A0A7EDD1ABEC8C42CF9A30D730AB8C906579FD42E573CBE83B517981","oncoderm_mambax_b6_full_seed42_20260707_004712_ISIC_0017398.png","76CADBDED8DF8E8293FC6F753FF51AB017C245A37190B227973CACB13D5416D2"
"ISIC_0017399","oncoderm_mambax_b4_lpah_mask_aux_seed42_20260707_002051_ISIC_0017399.png","26DAB06B120551550F5C761FF6689D6E490270E3C251FB85E2ACD6EEA57FCD6E","oncoderm_mambax_b6_full_seed42_20260707_004712_ISIC_0017399.png","301486DCBA52909222084A432B67D8FEC379BB8B30D11D6C3B32BB773858D134"
"ISIC_0017460","oncoderm_mambax_b4_lpah_mask_aux_seed42_20260707_002051_ISIC_0017460.png","B071D84EB54617506254F89BA858AA346A74C403F5C3105D89CEF30EA15EABAF","oncoderm_mambax_b6_full_seed42_20260707_004712_ISIC_0017460.png","649EC38010539FF75427BEDBD5C89F16720B737D31AD8747DA023AE45DA095C5"
"ISIC_0017474","oncoderm_mambax_b4_lpah_mask_aux_seed42_20260707_002051_ISIC_0017474.png","A7F61EE08012AC9BD0FE4624A1CAFF71DF7EC2AAF657C251A6ADBD054D2D907D","oncoderm_mambax_b6_full_seed42_20260707_004712_ISIC_0017474.png","59DBC614DF0E34B2CD1BCBB3C82F0DDA80547911FB3C0694BED5F6CB876E95E6"
"ISIC_0017702","oncoderm_mambax_b4_lpah_mask_aux_seed42_20260707_002051_ISIC_0017702.png","A965A65DB4B391C6C55D76CC9FDE5A6905C68BF261B86840FF3BCD6AC7A486DB","oncoderm_mambax_b6_full_seed42_20260707_004712_ISIC_0017702.png","50FA02474CE5C46C65724B37FA72E3A86CF491A1A7C3CDD40786B249A7AB0B14"
"ISIC_0017755","oncoderm_mambax_b4_lpah_mask_aux_seed42_20260707_002051_ISIC_0017755.png","1D486529A351D2A9A51C4AB80CEA2C6EB1264B41CC0801636650CD0DB0841238","oncoderm_mambax_b6_full_seed42_20260707_004712_ISIC_0017755.png","23BF246812ED42A262F6C7263ED927FA9F77CCC41A6095D9633DB290D09D5DE2"
"ISIC_0018111","oncoderm_mambax_b4_lpah_mask_aux_seed42_20260707_002051_ISIC_0018111.png","F1AC685ACC3D96CDA45417599D762EA8D258F20D99E477196E9049F99F75F1FB","oncoderm_mambax_b6_full_seed42_20260707_004712_ISIC_0018111.png","547DA1486EAE0EE10E17EFCA70AE127AF531CEFF58ECD377F90EF7CB0C0D0B4E"
"ISIC_0018179","oncoderm_mambax_b4_lpah_mask_aux_seed42_20260707_002051_ISIC_0018179.png","B7B8D7964127168FE2FF74BD1D933CB8905A845D0B4CB31EDF79304232F6DCFD","oncoderm_mambax_b6_full_seed42_20260707_004712_ISIC_0018179.png","E3F69DEE935E5F994CB7AEF0D655FFA5E64311BBF2658AD3CE8B9A89B5EA4CA4"
"ISIC_0018248","oncoderm_mambax_b4_lpah_mask_aux_seed42_20260707_002051_ISIC_0018248.png","54639E4360AB8533111E544429DFB3A06EC8CA0838E3CB7C3DC2D1930A9DF6C4","oncoderm_mambax_b6_full_seed42_20260707_004712_ISIC_0018248.png","180BF0FD3FCCF0ED38802888E0A80CED508E904D1306D3E069B5D8553E3EAD94"
"ISIC_0018375","oncoderm_mambax_b4_lpah_mask_aux_seed42_20260707_002051_ISIC_0018375.png","414EAB8FF2DDC8E2028470F951997EE20B4CD50E777379A3CA5C18629F07DD0F","oncoderm_mambax_b6_full_seed42_20260707_004712_ISIC_0018375.png","5445085F3571E1A2063ECBB85328BB60DE1D3156EEC1E91FABBAA217D8DFB785"
"ISIC_0018472","oncoderm_mambax_b4_lpah_mask_aux_seed42_20260707_002051_ISIC_0018472.png","B365962778986B18AAC168CACC897469EC17AE5B4644D40AD78D533AF2C98A2D","oncoderm_mambax_b6_full_seed42_20260707_004712_ISIC_0018472.png","A9815CD41C3DEEB5D86AD65AB3BE5EB92925217F67680D1BE6D0B594B1084C2F"
"ISIC_0018521","oncoderm_mambax_b4_lpah_mask_aux_seed42_20260707_002051_ISIC_0018521.png","82F46C7ABFCB7BEA6A904CE3A487FF229A0A63A834B1E8261E3D881CBA91AE39","oncoderm_mambax_b6_full_seed42_20260707_004712_ISIC_0018521.png","EE90C5D0F0A310756F2292AB980FA4568F58992FAF51106D7DFB4F8C1CEC500B"
"ISIC_0018556","oncoderm_mambax_b4_lpah_mask_aux_seed42_20260707_002051_ISIC_0018556.png","ADD6950384F2A93C9143E45A5F73608FCA9DE58EFCF2D88E82FB3ECEB9142BAB","oncoderm_mambax_b6_full_seed42_20260707_004712_ISIC_0018556.png","15125BAFAC657439A143B29842FA40B9FE43FABE022E5AE3D928D5B1B51A984F"
"ISIC_0018611","oncoderm_mambax_b4_lpah_mask_aux_seed42_20260707_002051_ISIC_0018611.png","D06BEC2231DBFCC342694EFE3AB9F5D73E1A462CF52C519AC16FEE271BD5B86D","oncoderm_mambax_b6_full_seed42_20260707_004712_ISIC_0018611.png","DD3BB688C57A32CA61A55E4C7FCEBCA4D97DEF135086971D4752814D8B3DB2DE"
"ISIC_0018680","oncoderm_mambax_b4_lpah_mask_aux_seed42_20260707_002051_ISIC_0018680.png","F7A93F90973E030171222882A38276BE2C5F4A813E0CF45E415FB2BE9BCFBEF0","oncoderm_mambax_b6_full_seed42_20260707_004712_ISIC_0018680.png","AD1B815B2A18C93DDE9DC1387A5E3F640AF0552229D9B19C873EE19C2046A2A5"
"ISIC_0019049","oncoderm_mambax_b4_lpah_mask_aux_seed42_20260707_002051_ISIC_0019049.png","ED9DDD6BFC166C239F3F14AA6373949EA7B46DA82D81E20E4E8A7247F536C4A6","oncoderm_mambax_b6_full_seed42_20260707_004712_ISIC_0019049.png","56682F20F3D7173F1DFDB2493FD90A4E610DEF7993A63B2563FA587836B0907B"
"ISIC_0019309","oncoderm_mambax_b4_lpah_mask_aux_seed42_20260707_002051_ISIC_0019309.png","19A4627633A6C8A710183E9CB1418E4257FE2AB47D051F1E07726500557AEE3C","oncoderm_mambax_b6_full_seed42_20260707_004712_ISIC_0019309.png","2EB80B13AC04B986887958EC187D7A273ACD21BD5A790AAB2A7B547032C20E8A"
"ISIC_0019334","oncoderm_mambax_b4_lpah_mask_aux_seed42_20260707_002051_ISIC_0019334.png","0059ECDF432BD69A06DCD47946FAA907E914877E06BC768215BC909CEBF5473C","oncoderm_mambax_b6_full_seed42_20260707_004712_ISIC_0019334.png","BA092A5A2DA071ECAF4EF6468B3C2E61042A1F421BAB7746FEA16E1CDCCA6728"
"ISIC_0019723","oncoderm_mambax_b4_lpah_mask_aux_seed42_20260707_002051_ISIC_0019723.png","38833152AA705A543561FE60A7B529BF35C6B7EB5B0AAA6D2E799C977A000522","oncoderm_mambax_b6_full_seed42_20260707_004712_ISIC_0019723.png","18C5E5658A3F9B774E92C879DA82AF9444F8923D1DD52BB9F1F1BA9DEF4FB0DF"
"ISIC_0019794","oncoderm_mambax_b4_lpah_mask_aux_seed42_20260707_002051_ISIC_0019794.png","A3F3F2DC2E6B8A65F3048BD66AEB9E895396312B69B9ACE4E8EE5CB9B432C57A","oncoderm_mambax_b6_full_seed42_20260707_004712_ISIC_0019794.png","2AE2CBEAB17C7C2DD0E328060D2C2FC5DB867EDAC9870DAA11A412C07ED50E6D"
"ISIC_0019883","oncoderm_mambax_b4_lpah_mask_aux_seed42_20260707_002051_ISIC_0019883.png","2082C7B3FE03785FC3CB44CBD7166F7F0EF522E256D548212C5C6C1B3F5CEB34","oncoderm_mambax_b6_full_seed42_20260707_004712_ISIC_0019883.png","2F0E9923432ECB6D647926EC55C291BFCB747056E2639BDB4FBBA7AA0F6ECD1C"
"ISIC_0020233","oncoderm_mambax_b4_lpah_mask_aux_seed42_20260707_002051_ISIC_0020233.png","22D8CD19E8388A839B41306F4A46A0D7CEF1047C7CF5FDBBFBBF0C1AE07F40AC","oncoderm_mambax_b6_full_seed42_20260707_004712_ISIC_0020233.png","CEF7B20FD557C6CFE49FF829649B5E23B41224F36A585BA3A5F5AC45870DFC99"
"ISIC_0020418","oncoderm_mambax_b4_lpah_mask_aux_seed42_20260707_002051_ISIC_0020418.png","1066433ED95C65A9248331225370463D0E29E58D80E6C6E5DF76639973F1773F","oncoderm_mambax_b6_full_seed42_20260707_004712_ISIC_0020418.png","2AF0231A9A76977D9FE17DED4369C777E193BFAC1B1B3A96BA2A480AE9DFF0C0"
"ISIC_0020861","oncoderm_mambax_b4_lpah_mask_aux_seed42_20260707_002051_ISIC_0020861.png","1EC4B57065B4148BA37F20F4309219EE99B3160A5F79D9C890FFB45BEE9C976C","oncoderm_mambax_b6_full_seed42_20260707_004712_ISIC_0020861.png","567E517353ACECA301D64EF0AEF4286D663CCE8C14019A60C4B8F86B6495E602"
"ISIC_0020893","oncoderm_mambax_b4_lpah_mask_aux_seed42_20260707_002051_ISIC_0020893.png","921749DA2BA0B2DC873184BD022485E080FF5ED5B513020301AF9C85E0C5AB52","oncoderm_mambax_b6_full_seed42_20260707_004712_ISIC_0020893.png","919DEC3940BCC74F638CC47B120554B21EB6C04F54126306918F8300167BF34F"
"ISIC_0020953","oncoderm_mambax_b4_lpah_mask_aux_seed42_20260707_002051_ISIC_0020953.png","D904CC89538A97776CCB6481564533CCFB654A5D4D9D12FA08C26483B41204D6","oncoderm_mambax_b6_full_seed42_20260707_004712_ISIC_0020953.png","B1EE53CB7F1C131ADA92FB3B014B85CC0EBBE366A0669316FAA29364FE6A9445"
"ISIC_0020999","oncoderm_mambax_b4_lpah_mask_aux_seed42_20260707_002051_ISIC_0020999.png","BCD70A0E232FAD24BC322416E840AE9898EF3884AF926FBD182EA62A62EC8733","oncoderm_mambax_b6_full_seed42_20260707_004712_ISIC_0020999.png","F0BFD44B5C45BFB15502A7C756DEECDCA77B495A06CA74FC9ED1283289E3F8EF"
"ISIC_0021037","oncoderm_mambax_b4_lpah_mask_aux_seed42_20260707_002051_ISIC_0021037.png","6B764218B75264216A6BEA93441C25DA3BDCFC675EF38E1A52AA029610772960","oncoderm_mambax_b6_full_seed42_20260707_004712_ISIC_0021037.png","5D4B4A34CE02862118B959A83EE4BC213445B2AA7967F8C8EB52A575BDDAF7B3"
"ISIC_0021041","oncoderm_mambax_b4_lpah_mask_aux_seed42_20260707_002051_ISIC_0021041.png","4E62ED9A2EF74985AF6267C26F02EA9E19B04D534B5B3802ECAC3C8D91FF1428","oncoderm_mambax_b6_full_seed42_20260707_004712_ISIC_0021041.png","89E070C31E756C6972A6BCEDD729D216BD4D4B8F32F6EADC183AAFBBA9E31072"
"ISIC_0021152","oncoderm_mambax_b4_lpah_mask_aux_seed42_20260707_002051_ISIC_0021152.png","D16C22080A6B912102ACA26185A2A6838F55E33C775C5CD63A90A0DC2191A089","oncoderm_mambax_b6_full_seed42_20260707_004712_ISIC_0021152.png","B421A1F9E0AE27AA4500A475325E9C225FAA661D8E87B432E72DE2A899EA65C5"
"ISIC_0021158","oncoderm_mambax_b4_lpah_mask_aux_seed42_20260707_002051_ISIC_0021158.png","D79570E2D76C10B690B363E23543AEE66C06C22379047F4FA9183ACC420BB8B1","oncoderm_mambax_b6_full_seed42_20260707_004712_ISIC_0021158.png","FC2C2A2DC7BB75D3BFDCE85072ABAFADB6BBD9345F1DC2756A8E30A7C29B30A2"
"ISIC_0021202","oncoderm_mambax_b4_lpah_mask_aux_seed42_20260707_002051_ISIC_0021202.png","DE1105D04347F6D23CCD39D467123F13799AAA76B4A68DA6C8FECF1D03814778","oncoderm_mambax_b6_full_seed42_20260707_004712_ISIC_0021202.png","BED574D93889CD8AC419D648AFA63B191AF1E1BE821E56332728B094348E7F88"
"ISIC_0021251","oncoderm_mambax_b4_lpah_mask_aux_seed42_20260707_002051_ISIC_0021251.png","12362D034F336C5BD4893BC2EB4F982439F9B76D62FC2E52093AC2873485C79B","oncoderm_mambax_b6_full_seed42_20260707_004712_ISIC_0021251.png","A354B6A1AED19C91EBA99B6E9BC3C61C2CEE3B62E096A8CA8C4A2A4AC16FA38A"
"ISIC_0021448","oncoderm_mambax_b4_lpah_mask_aux_seed42_20260707_002051_ISIC_0021448.png","6490807B24BB834D9D679E37932EB63F4D168CA388EAFDCDAFDB1A5AAC923BA7","oncoderm_mambax_b6_full_seed42_20260707_004712_ISIC_0021448.png","54A23D9D403A70A7F191A8D1BC770386AF0D9D01D7E829036B457D0B884BF625"
"ISIC_0021449","oncoderm_mambax_b4_lpah_mask_aux_seed42_20260707_002051_ISIC_0021449.png","EFB7C200731DD43ADB951999AE11F345DE546C00722A39F9D5A7336B095F135B","oncoderm_mambax_b6_full_seed42_20260707_004712_ISIC_0021449.png","D10A4FB182B3230CCB2E42B0D21B61B8F8107C55D0B5838671945626F64DACA5"
"ISIC_0021504","oncoderm_mambax_b4_lpah_mask_aux_seed42_20260707_002051_ISIC_0021504.png","0B49E6D4B3B116C34D386AF51BF9CD0150421B9F07B2E77E16377D3188344DDB","oncoderm_mambax_b6_full_seed42_20260707_004712_ISIC_0021504.png","E285065B4ED4D64287C5DFE82119A21D0657D581E61E9E1C1294983BCA66EB9B"
"ISIC_0021714","oncoderm_mambax_b4_lpah_mask_aux_seed42_20260707_002051_ISIC_0021714.png","363EE560F82B631A86882580EDA8A672F41C05FBB8CBAF31A9ED18E44167AFDA","oncoderm_mambax_b6_full_seed42_20260707_004712_ISIC_0021714.png","620AB920526F4387CB31353785DF71B1D26E9F8276A4875023F31C8CF2BB36FB"
"ISIC_0021762","oncoderm_mambax_b4_lpah_mask_aux_seed42_20260707_002051_ISIC_0021762.png","D160C4D9C8646AAD3CEFF525257C22602E557D5EF253CABAD0C22B64EC1EA29F","oncoderm_mambax_b6_full_seed42_20260707_004712_ISIC_0021762.png","5B0FFCB688DC1F93F14058911599E031D38573A0829ED26D9D0EC37A81776AEC"
"ISIC_0021816","oncoderm_mambax_b4_lpah_mask_aux_seed42_20260707_002051_ISIC_0021816.png","5F2B86B2E6DE76A5B6C1499DDA09928417415722B3E16E950EA40501449A21F9","oncoderm_mambax_b6_full_seed42_20260707_004712_ISIC_0021816.png","46A3698F80C4AA0F371F67DD87992BF66E6682C0F0749EB5110B2698C0BC8590"
"ISIC_0021904","oncoderm_mambax_b4_lpah_mask_aux_seed42_20260707_002051_ISIC_0021904.png","C3A1E6BD66FF1EB60FF9F18EAAE7FC81D52CD3EC61DB7881DA04261896FAB479","oncoderm_mambax_b6_full_seed42_20260707_004712_ISIC_0021904.png","57E69F7A5C029B43B4EB712A414E36213CECF2F369E1ACA6F7FD6D5DD3C28D85"
"ISIC_0021914","oncoderm_mambax_b4_lpah_mask_aux_seed42_20260707_002051_ISIC_0021914.png","D004D6A107662EECB0C080F30F6303C7490BD09B93A1D9BE5DF04A0EE9BFFBF2","oncoderm_mambax_b6_full_seed42_20260707_004712_ISIC_0021914.png","4A98F2F67E8C349573C700E960984748FB7928E8B4803EE3D4AEB78B8C84228D"
"ISIC_0021990","oncoderm_mambax_b4_lpah_mask_aux_seed42_20260707_002051_ISIC_0021990.png","F48D87F934B7DC1A101B72ECF8BB9BE7BC70C90C5C84CB47D489F92FFCFFC7BB","oncoderm_mambax_b6_full_seed42_20260707_004712_ISIC_0021990.png","A325B09A7BF58E2D7CBC070F83D866D07B5663C8E50531A59F382442B37CD982"
"ISIC_0022029","oncoderm_mambax_b4_lpah_mask_aux_seed42_20260707_002051_ISIC_0022029.png","606DA92492234F5FB2043D959B42D3A542E5046B3E83793B0D5256923824BBE4","oncoderm_mambax_b6_full_seed42_20260707_004712_ISIC_0022029.png","ABA0486CCC0A71B2F3186C69F8630447766981340B1ADFB36A1323092C797487"
"ISIC_0022039","oncoderm_mambax_b4_lpah_mask_aux_seed42_20260707_002051_ISIC_0022039.png","09D6A974ED3897144E5DF7810F6CAEF9363FBCB92DBF91A19BD08571ADA00733","oncoderm_mambax_b6_full_seed42_20260707_004712_ISIC_0022039.png","8DB9BBB84832C38402BAE431BC1B8E14A45EDFA214A685810949819C9C720A43"
"ISIC_0022147","oncoderm_mambax_b4_lpah_mask_aux_seed42_20260707_002051_ISIC_0022147.png","FABD0F8E4B66FF069B848C0FDC78FE3F4C5C9246678634BBCCD3301200126FFE","oncoderm_mambax_b6_full_seed42_20260707_004712_ISIC_0022147.png","881B2D5A099B0A47AD0E0BE8FD27F1718FE114A5FE70961A2AA084DE225367B1"
"ISIC_0022192","oncoderm_mambax_b4_lpah_mask_aux_seed42_20260707_002051_ISIC_0022192.png","46B1561E8B9712FFA09D01BABAA9158328078373CF79F23CF787C495E4C3CE1F","oncoderm_mambax_b6_full_seed42_20260707_004712_ISIC_0022192.png","6FC20A63FA406488D4B46D0F0D11977F5BD3BE9A122CDB49F7730B6BEEC42A81"
"ISIC_0022221","oncoderm_mambax_b4_lpah_mask_aux_seed42_20260707_002051_ISIC_0022221.png","A52C84F924523C9BADFADE96B50C47E4E7DB4C1147284949DD3B08595CCC88E5","oncoderm_mambax_b6_full_seed42_20260707_004712_ISIC_0022221.png","E5BEF827A2A82EC57E154233D61ABA01A891E52EF2DE767B3ED5D8F00106A4E7"
"ISIC_0022657","oncoderm_mambax_b4_lpah_mask_aux_seed42_20260707_002051_ISIC_0022657.png","D22F6A0415FAA7C0348B3B34989C9E3B75CACEA315E7DD666167D5DC43E2B494","oncoderm_mambax_b6_full_seed42_20260707_004712_ISIC_0022657.png","5BDA9345D2B237199B0D58AFB82CF44C2C47DCC7007D6915FE93B4DDE42E3BAD"
"ISIC_0022738","oncoderm_mambax_b4_lpah_mask_aux_seed42_20260707_002051_ISIC_0022738.png","7C281EAB26FB6BC742FDD4935EE804A7EC6371C70DCC18CE48EE6B777596A095","oncoderm_mambax_b6_full_seed42_20260707_004712_ISIC_0022738.png","C3B807D25A729434C34D8AA45A8679925A808B9585731BA0FB59CB8314821E21"
"ISIC_0023371","oncoderm_mambax_b4_lpah_mask_aux_seed42_20260707_002051_ISIC_0023371.png","F8FD9B01579399C2346E958FD116FDDAF1A8C7EBA6F18091E1298C64B0EEC8FA","oncoderm_mambax_b6_full_seed42_20260707_004712_ISIC_0023371.png","AE3B10921327D81A10758CAA6BCB30AA2CABD287D560C173A5251C22F03BC800"
"ISIC_0023508","oncoderm_mambax_b4_lpah_mask_aux_seed42_20260707_002051_ISIC_0023508.png","1E77621D8E94EF64377E1CDF37F436D06429D7936735E1CB26D6E31BDCB5C158","oncoderm_mambax_b6_full_seed42_20260707_004712_ISIC_0023508.png","1AAE579D63A467EE4D2B93F669985A22363DB7D5109D059B29EC22F69DAFFB9E"
"ISIC_0023628","oncoderm_mambax_b4_lpah_mask_aux_seed42_20260707_002051_ISIC_0023628.png","869B9597C3873F53B76EF5761EC3B678B4FBCF5251046A2BF8915B986D0C2EC3","oncoderm_mambax_b6_full_seed42_20260707_004712_ISIC_0023628.png","86DEBAE1589A086AF1192C8400B6ED09689B1B4A242869042EFCEBDE2839A17F"
"ISIC_0023678","oncoderm_mambax_b4_lpah_mask_aux_seed42_20260707_002051_ISIC_0023678.png","FF2A6EF1141719A073E7CC93CF9AC5F58440628623C2C2B3D1739227E6169541","oncoderm_mambax_b6_full_seed42_20260707_004712_ISIC_0023678.png","3A4F54A95FAA89823F00DEC4D02D3D9AFF1118C2CD0231B642E8F428F109C6E9"
"ISIC_0023755","oncoderm_mambax_b4_lpah_mask_aux_seed42_20260707_002051_ISIC_0023755.png","2DA5D4D67F28436EA0C2B59A3E70B468BDEE24491F3CA8004240E39725147E8E","oncoderm_mambax_b6_full_seed42_20260707_004712_ISIC_0023755.png","946CE363E0FE56DB8E2185487C96990990D16323A97AB369A8EC1B60CA407A9C"
"ISIC_0023831","oncoderm_mambax_b4_lpah_mask_aux_seed42_20260707_002051_ISIC_0023831.png","925E2DC5CAC9250D27905AB571C4FF21783B73BFD2362E8608BEA298DA3695A9","oncoderm_mambax_b6_full_seed42_20260707_004712_ISIC_0023831.png","6FF2490509BABAE06F724B974AAC1E3667F66255192ADC05AFFDF1BFD1A7EFD4"
"ISIC_0023900","oncoderm_mambax_b4_lpah_mask_aux_seed42_20260707_002051_ISIC_0023900.png","2DD9C2794FB451702027DABCAAF05E230F64E69CB54EA112DAD9ECA78B8EB366","oncoderm_mambax_b6_full_seed42_20260707_004712_ISIC_0023900.png","AF6958288EB6E9177B4A6A5EE3C97703054FCC10EBE8F6128ABD5B0ADAABF822"
"ISIC_0023904","oncoderm_mambax_b4_lpah_mask_aux_seed42_20260707_002051_ISIC_0023904.png","30BA9CD75175E7729168EF0129F19A84F9D53511B9F5427165FDC6E3AED35282","oncoderm_mambax_b6_full_seed42_20260707_004712_ISIC_0023904.png","F9F516F85E027A388E271DA9618EE40E33975AA6EF181C6A4AAF0EBE5118CDCF"
"ISIC_0023924","oncoderm_mambax_b4_lpah_mask_aux_seed42_20260707_002051_ISIC_0023924.png","6EB2FD8585C1F2B7647159B41AA620C68B3000E8D624336176643CE570583D26","oncoderm_mambax_b6_full_seed42_20260707_004712_ISIC_0023924.png","1B5A0031B88619CA8901A301933391F7A0112660F74057B0FE8B3DDCA03209EB"
"ISIC_0023936","oncoderm_mambax_b4_lpah_mask_aux_seed42_20260707_002051_ISIC_0023936.png","D46C0BE675EDB866831EB152F538C4F41A60D435468599901E01D6158CA122B7","oncoderm_mambax_b6_full_seed42_20260707_004712_ISIC_0023936.png","C57993063FC72260840ECA72396C4D2F684834EF9A317B80F136CFEF53C8735E"
"ISIC_0024135","oncoderm_mambax_b4_lpah_mask_aux_seed42_20260707_002051_ISIC_0024135.png","EDBA140B4D23EE1391330EE3588D5174F475AD696F8F13EDCE6723AB34921A32","oncoderm_mambax_b6_full_seed42_20260707_004712_ISIC_0024135.png","41D9C963AFD42C16A5812143E27046A05572B3565351285BCC46067E5EBFF61C"
"ISIC_0036073","oncoderm_mambax_b4_lpah_mask_aux_seed42_20260707_002051_ISIC_0036073.png","E9EEA2D55B73F271A75F97D4924403676B96D925DE27A583E35DC36ADE4C335E","oncoderm_mambax_b6_full_seed42_20260707_004712_ISIC_0036073.png","BBFE37E72B3C99A6C68DF763616B4C08D030D4FB23786DC2469B7CDDFCDC106F"
"ISIC_0036085","oncoderm_mambax_b4_lpah_mask_aux_seed42_20260707_002051_ISIC_0036085.png","1E16147895D9399C07561CADABE6F80B635747F5A35E919E1CF3C040E7D6F0B4","oncoderm_mambax_b6_full_seed42_20260707_004712_ISIC_0036085.png","09ECD8756D665B59E452B2F6E00705098F4DE06B96394D4D3727DBF83752AED9"
"ISIC_0036098","oncoderm_mambax_b4_lpah_mask_aux_seed42_20260707_002051_ISIC_0036098.png","39B7F384E9BD867D22D1DBDB6AE926FC324449585DE7840834EA37A6683868A8","oncoderm_mambax_b6_full_seed42_20260707_004712_ISIC_0036098.png","FEB95CCA2CD71B2F2394BCCF7D17E93E95B440E7573E788397E6FD6F67E764EC"
"ISIC_0036101","oncoderm_mambax_b4_lpah_mask_aux_seed42_20260707_002051_ISIC_0036101.png","BAE918D08E3248DCA4DA4CAF902791DD7B66BD15F06ACF6FC903100EDF91B478","oncoderm_mambax_b6_full_seed42_20260707_004712_ISIC_0036101.png","34800B75F34C3463DF8282ABE169509A7C55B8DFD50A489C33A240C21BBD45F6"
"ISIC_0036121","oncoderm_mambax_b4_lpah_mask_aux_seed42_20260707_002051_ISIC_0036121.png","A8E4E1ADF5E987CAD5751B8BD3CB177C54FC2134EBF7B4D8F6AB67C5B0C67897","oncoderm_mambax_b6_full_seed42_20260707_004712_ISIC_0036121.png","2150C43FC2B574B6F4E80AD5F1EC9F2A99C24FEDF902C88A999B421A51B63F50"
"ISIC_0036147","oncoderm_mambax_b4_lpah_mask_aux_seed42_20260707_002051_ISIC_0036147.png","4D333C7E45F0D62E8F9F2D65F43AEB63EBB7287691ADFCF78155E4504A3D4A53","oncoderm_mambax_b6_full_seed42_20260707_004712_ISIC_0036147.png","1E28EBDF18003A9BF78A2DA9057241AF4286828F133EA4C5C68D4A37ABA45179"
"ISIC_0036174","oncoderm_mambax_b4_lpah_mask_aux_seed42_20260707_002051_ISIC_0036174.png","7A3ABA9AF63493A893A180B94DD9E3720E0CE5E19163393F1E6B4136834E698F","oncoderm_mambax_b6_full_seed42_20260707_004712_ISIC_0036174.png","6D8DF1211A5866369675C1D511B23DFDBC59D468130A526EDB9972053D8D0DEB"
"ISIC_0036206","oncoderm_mambax_b4_lpah_mask_aux_seed42_20260707_002051_ISIC_0036206.png","7BEEF6E0757EC447C12DA5F78DCC74F60E9AA726AF90E1AB831441C2CC57CFE0","oncoderm_mambax_b6_full_seed42_20260707_004712_ISIC_0036206.png","7DD2203019D6C6CADC0B68B7D965B0A50302EFA078D4ACFAB6D463354C831DB7"
"ISIC_0036236","oncoderm_mambax_b4_lpah_mask_aux_seed42_20260707_002051_ISIC_0036236.png","1EC507C81A911B080514145090C008EE3FD66C8E09ADD97497E46F9338EAED86","oncoderm_mambax_b6_full_seed42_20260707_004712_ISIC_0036236.png","DDA20F12660D1816A4ADC893360987F84D30D3FB2C8CA79B89AE7EC02BCB9B1C"
"ISIC_0036237","oncoderm_mambax_b4_lpah_mask_aux_seed42_20260707_002051_ISIC_0036237.png","B686EE8056FE7393C1C580BF0959F4B69635C1CD1417534C61B3A010A2C119E2","oncoderm_mambax_b6_full_seed42_20260707_004712_ISIC_0036237.png","B601AEAE9D380C2ABE03663CA38E001E2BF00925D1997FECB7DAD9965C7A7BE4"
"ISIC_0036240","oncoderm_mambax_b4_lpah_mask_aux_seed42_20260707_002051_ISIC_0036240.png","FDCEECE382F398C345F3D6D6EA099CEBB40D0E6B74E4D6BE7B8773E4AAAAAC72","oncoderm_mambax_b6_full_seed42_20260707_004712_ISIC_0036240.png","7D296FF5BDE7E03094A5BFD62EF9531937BA98DB634AA84293A25D9BB22A2D2E"
"ISIC_0036247","oncoderm_mambax_b4_lpah_mask_aux_seed42_20260707_002051_ISIC_0036247.png","37F324CBCE8CB71FB9B19469FF9D843E6301EF63E67C1C66E77CD3EC84AEC9F7","oncoderm_mambax_b6_full_seed42_20260707_004712_ISIC_0036247.png","F2AAEC32D3304E199171D09BCA2C72ADF643022249E0985E4C8F8BDA071E4397"
"ISIC_0036281","oncoderm_mambax_b4_lpah_mask_aux_seed42_20260707_002051_ISIC_0036281.png","BE7F9725FB509197948E95EAA760536AFF0A48271E88ABA71559C6298B1077F8","oncoderm_mambax_b6_full_seed42_20260707_004712_ISIC_0036281.png","CF4963080B516E899C009E25B084AD535BF9D599192B65FC090DF4E76E70C3F9"
"ISIC_0036291","oncoderm_mambax_b4_lpah_mask_aux_seed42_20260707_002051_ISIC_0036291.png","4D8BA4ACE495555A7BBF24EE2DACABFADE0D70ABBEE3333FF1C898F08AD09D2C","oncoderm_mambax_b6_full_seed42_20260707_004712_ISIC_0036291.png","8DE5E87E16C21F102BCACBEE373AEFF85E4AC56954A013F64D9A7967790F37B2"
"ISIC_0036306","oncoderm_mambax_b4_lpah_mask_aux_seed42_20260707_002051_ISIC_0036306.png","13655A491980BE1E7C69AF3ADE48763F7EC3AF2DD73EFA686A970E24C0B3C35C","oncoderm_mambax_b6_full_seed42_20260707_004712_ISIC_0036306.png","DD1F28DA2F68A02592843707742583ADCA8F07E54D2073788D80A0A6FE818899"
"ISIC_0036321","oncoderm_mambax_b4_lpah_mask_aux_seed42_20260707_002051_ISIC_0036321.png","6FED89AC2FF0C99ECEEE11B35FE7FE2879D7BC0D6B3661B34963B811DFE3F83C","oncoderm_mambax_b6_full_seed42_20260707_004712_ISIC_0036321.png","3D1C5C4C46B82E35B838163D87121DDD71A270944E6A3B4A7D314F46EBA727C7"
"ISIC_0036328","oncoderm_mambax_b4_lpah_mask_aux_seed42_20260707_002051_ISIC_0036328.png","C5BC9463C21263A9E8A9BE4EE592303C4881CF6BE897FC4E998E34FD7E5570E0","oncoderm_mambax_b6_full_seed42_20260707_004712_ISIC_0036328.png","DC199FAB697C3D52450A8AFC7AD4E0BFC8B0D87FE71377599C2D93AA057FE40E"
"ISIC_0036333","oncoderm_mambax_b4_lpah_mask_aux_seed42_20260707_002051_ISIC_0036333.png","3D129671C5E88C8F323FD86841008902EBEE078CF8182FBA6E06B44727BAA26C","oncoderm_mambax_b6_full_seed42_20260707_004712_ISIC_0036333.png","8DDB236CF10E690EAB7CE6156F6548E42382D79F249B99AC0E981D989BA44456"
